"48","5","64","oz"
"11","68","19","garnish"
"49","43","3","count"
"37","34","13","count"
"30","45","3","oz"
"153","82","10","garnish"
"69","94","55","cups"
"80","61","18","garnish"
"157","13","65","count"
"141","26","81","count"
"146","16","86","garnish"
"37","18","36","cups"
"48","7","27","count"
"178","48","82","garnish"
"142","38","28","oz"
"34","19","25","mL"
"148","3","58","oz"
"28","54","90","cups"
"11","81","47","mL"
"31","30","12","cups"
"33","59","19","cups"
"116","55","93","garnish"
"180","71","7","cups"
"103","42","76","garnish"
"90","24","44","cups"
"121","52","26","mL"
"94","83","76","mL"
"48","50","18","mL"
"60","28","25","garnish"
"15","1","54","cups"
"26","59","93","garnish"
"163","5","36","cups"
"48","26","28","oz"
"70","83","81","cups"
"197","2","9","oz"
"79","17","50","oz"
"59","55","59","oz"
"133","22","80","garnish"
"149","79","98","count"
"60","32","3","cups"
"115","47","3","oz"
"150","7","82","garnish"
"128","12","47","mL"
"99","49","32","garnish"
"50","48","72","oz"
"34","63","84","mL"
"166","34","38","cups"
"182","35","78","count"
"131","49","94","oz"
"15","75","86","garnish"
"74","60","28","oz"
"139","57","21","cups"
"37","68","20","garnish"
"86","93","3","mL"
"48","61","99","oz"
"45","81","74","count"
"165","53","89","count"
"7","63","82","mL"
"55","20","77","cups"
"101","9","7","cups"
"6","74","21","cups"
"78","61","37","cups"
"123","70","15","cups"
"6","2","25","cups"
"14","44","23","cups"
"171","73","57","cups"
"183","9","66","garnish"
"128","40","91","garnish"
"174","43","34","cups"
"112","47","71","count"
"111","86","4","garnish"
"169","46","53","oz"
"165","83","99","count"
"164","16","61","cups"
"115","93","38","cups"
"139","45","22","oz"
"181","29","97","garnish"
"86","91","10","mL"
"109","17","98","cups"
"49","11","8","cups"
"18","22","34","mL"
"186","98","26","cups"
"21","67","41","oz"
"2","85","74","count"
"3","19","16","count"
"74","23","23","count"
"155","73","96","oz"
"45","76","41","garnish"
"131","52","75","cups"
"193","22","82","cups"
"132","40","37","count"
"171","50","58","oz"
"66","22","98","count"
"163","95","47","mL"
"61","39","5","mL"
"187","49","80","oz"
"48","39","64","oz"
"62","76","44","count"
"67","23","11","garnish"
"149","21","82","cups"
"24","10","9","cups"
"147","8","27","mL"
"140","31","46","oz"
"157","10","65","garnish"
"84","69","76","mL"
"99","75","29","mL"
"17","5","94","oz"
"112","3","76","garnish"
"30","87","85","garnish"
"172","14","9","count"
"48","84","28","cups"
"165","5","99","mL"
"30","97","25","count"
"62","58","73","count"
"55","95","90","count"
"173","24","22","count"
"60","10","20","mL"
"171","14","94","cups"
"117","39","45","count"
"42","23","32","garnish"
"158","82","37","cups"
"58","38","18","count"
"14","2","57","count"
"168","63","83","count"
"84","15","47","mL"
"21","24","34","count"
"141","20","100","mL"
"119","9","73","mL"
"75","87","4","mL"
"7","45","35","count"
"186","25","86","oz"
"39","30","49","mL"
"19","15","76","mL"
"151","38","70","garnish"
"151","81","93","cups"
"126","69","55","mL"
"147","93","96","count"
"58","90","60","oz"
"177","12","100","cups"
"185","40","21","oz"
"18","55","61","count"
"45","50","81","oz"
"134","92","29","cups"
"20","23","79","mL"
"190","88","84","count"
"84","21","35","garnish"
"59","55","36","count"
"135","98","72","cups"
"23","54","89","count"
"51","22","67","garnish"
"5","37","86","cups"
"53","52","36","garnish"
"152","95","60","count"
"63","79","64","oz"
"161","10","71","cups"
"182","68","54","oz"
"176","35","92","garnish"
"5","4","61","mL"
"184","82","51","count"
"182","52","78","garnish"
"106","18","97","garnish"
"93","46","9","garnish"
"187","20","9","garnish"
"133","77","29","mL"
"27","5","91","count"
"96","18","20","count"
"125","14","89","count"
"100","24","23","oz"
"129","48","7","cups"
"6","80","12","mL"
"44","93","72","cups"
"196","88","59","oz"
"66","23","60","cups"
"134","34","94","count"
"156","45","53","cups"
"22","9","92","cups"
"21","66","54","garnish"
"133","66","29","oz"
"113","8","49","mL"
"77","65","78","garnish"
"45","82","99","count"
"185","84","4","count"
"178","99","20","garnish"
"83","5","72","mL"
"41","54","4","count"
"17","55","79","garnish"
"121","68","72","garnish"
"177","66","20","count"
"124","0","23","count"
"177","0","95","garnish"
"127","25","69","cups"
"72","64","89","cups"
"16","24","26","garnish"
"32","26","69","oz"
"24","33","61","mL"
"150","76","41","cups"
"175","78","25","oz"
"197","64","97","garnish"
"27","35","38","mL"
"133","0","97","mL"
"43","10","31","count"
"80","19","66","mL"
"103","29","99","mL"
"90","40","31","garnish"
"95","37","20","oz"
"100","8","57","count"
"86","30","72","oz"
"93","19","22","garnish"
"149","82","29","mL"
"62","85","30","mL"
"109","5","84","oz"
"180","43","64","oz"
"95","96","86","oz"
"184","34","81","oz"
"156","96","90","oz"
"114","37","96","mL"
"14","26","47","mL"
"97","70","12","oz"
"170","54","11","count"
"143","18","100","mL"
"55","81","2","cups"
"19","34","72","count"
"68","36","93","count"
"19","4","48","count"
"53","8","49","mL"
"7","2","95","mL"
"54","33","8","cups"
"146","13","68","garnish"
"118","12","55","garnish"
"137","26","48","garnish"
"110","4","0","mL"
"130","94","64","cups"
"197","79","1","oz"
"58","1","36","count"
"79","2","14","count"
"158","54","98","count"
"143","38","47","mL"
"148","50","85","garnish"
"3","91","95","oz"
"154","9","98","garnish"
"72","74","55","cups"
"41","83","57","mL"
"76","51","79","garnish"
"67","2","91","garnish"
"46","98","42","garnish"
"90","59","57","cups"
"110","87","23","mL"
"88","99","37","count"
"147","24","72","mL"
"107","22","2","oz"
"40","60","31","cups"
"115","30","60","cups"
"33","50","88","mL"
"16","97","66","oz"
"92","68","32","cups"
"84","64","20","mL"
"63","42","92","oz"
"7","56","82","oz"
"94","80","5","garnish"
"186","51","13","cups"
"162","21","89","oz"
"141","53","54","oz"
"97","54","23","mL"
"108","9","41","cups"
"37","53","40","count"
"129","49","51","count"
"48","12","40","oz"
"180","62","48","mL"
"100","86","65","mL"
"32","55","57","garnish"
"41","34","86","cups"
"189","70","29","count"
"97","9","23","mL"
"52","22","39","mL"
"41","19","81","oz"
"51","20","14","oz"
"88","37","59","count"
"20","65","56","cups"
"108","26","51","mL"
"152","16","66","cups"
"26","48","23","count"
"111","62","49","oz"
"40","32","52","cups"
"45","61","14","cups"
"172","64","32","mL"
"108","66","79","garnish"
"35","89","37","cups"
"98","51","3","garnish"
"132","97","4","cups"
"64","65","29","oz"
"119","91","99","cups"
"151","11","75","cups"
"11","46","99","cups"
"147","91","20","count"
"173","30","55","garnish"
"9","33","31","cups"
"79","66","8","count"
"81","76","23","mL"
"18","40","33","garnish"
"82","89","100","oz"
"83","68","3","cups"
"74","68","83","mL"
"24","59","57","mL"
"4","6","17","mL"
"28","22","0","count"
"192","50","52","cups"
"88","0","98","cups"
"176","67","68","cups"
"97","64","18","mL"
"158","7","27","mL"
"70","74","23","mL"
"122","92","4","mL"
"23","63","80","oz"
"148","66","44","count"
"84","42","99","mL"
"32","47","100","mL"
"37","53","7","mL"
"14","40","93","cups"
"164","64","87","mL"
"140","81","57","count"
"39","13","51","oz"
"151","44","28","oz"
"6","47","13","cups"
"136","90","46","cups"
"11","45","69","mL"
"93","34","76","mL"
"185","12","12","count"
"155","44","44","mL"
"110","14","14","cups"
"174","83","9","garnish"
"161","87","21","cups"
"38","49","52","count"
"44","36","15","cups"
"77","88","77","cups"
"8","87","99","mL"
"28","54","100","count"
"89","20","10","count"
"126","30","42","cups"
"72","56","57","garnish"
"5","57","1","oz"
"68","62","85","cups"
"111","36","76","oz"
"93","86","30","count"
"73","51","55","garnish"
"86","76","7","mL"
"165","56","23","garnish"
"190","31","33","garnish"
"101","86","80","garnish"
"67","32","60","cups"
"122","85","79","garnish"
"27","53","93","oz"
"79","2","29","count"
"143","79","18","count"
"124","12","66","garnish"
"155","52","47","garnish"
"121","47","58","garnish"
"94","92","4","mL"
"10","3","64","garnish"
"140","27","84","cups"
"33","85","52","mL"
"101","19","86","garnish"
"35","19","24","count"
"49","76","51","cups"
"137","93","67","oz"
"27","97","35","mL"
"164","52","36","count"
"36","20","82","oz"
"95","47","39","garnish"
"3","8","40","oz"
"175","4","7","count"
"57","16","51","oz"
"158","34","71","count"
"196","52","4","cups"
"43","27","61","oz"
"87","18","42","mL"
"175","42","88","mL"
"83","94","83","garnish"
"130","88","1","cups"
"133","74","24","count"
"43","49","16","mL"
"12","4","98","cups"
"64","51","59","count"
"12","87","52","mL"
"14","56","49","count"
"107","52","92","oz"
"56","62","16","oz"
"18","99","94","oz"
"17","45","93","oz"
"143","10","23","garnish"
"121","18","30","count"
"58","86","41","cups"
"92","87","91","oz"
"196","32","80","cups"
"127","64","14","oz"
"100","15","31","garnish"
"47","66","35","mL"
"53","54","91","mL"
"170","72","56","mL"
"37","0","46","cups"
"71","78","98","oz"
"4","28","32","count"
"146","79","39","count"
"91","25","36","oz"
"177","10","93","mL"
"191","64","7","oz"
"194","11","69","oz"
"33","28","75","oz"
"168","45","21","oz"
"146","15","47","oz"
"33","70","81","cups"
"181","70","42","count"
"198","5","82","oz"
"125","38","60","oz"
"10","97","54","cups"
"186","46","52","count"
"51","10","66","count"
"44","63","69","oz"
"112","12","18","oz"
"39","74","25","garnish"
"79","90","28","mL"
"188","74","41","garnish"
"18","19","49","oz"
"195","67","62","count"
"15","98","5","mL"
"147","11","79","mL"
"86","64","86","cups"
"95","59","40","count"
"10","96","98","oz"
"84","26","98","garnish"
"58","85","70","mL"
"84","43","20","count"
"151","96","19","cups"
"55","42","48","garnish"
"193","54","46","garnish"
"85","98","0","oz"
"96","5","74","cups"
"178","49","83","cups"
"191","81","70","count"
"60","30","88","garnish"
"181","26","15","cups"
"121","1","59","garnish"
"67","50","52","mL"
"89","54","11","cups"
"67","5","33","oz"
"108","78","79","mL"
"186","44","68","cups"
"75","69","71","mL"
"63","72","8","mL"
"21","94","100","garnish"
"42","63","21","garnish"
"172","37","42","cups"
"197","39","77","count"
"151","29","51","count"
"28","29","92","oz"
"175","8","79","oz"
"45","10","63","garnish"
"11","89","77","count"
"33","53","10","cups"
"178","92","38","garnish"
"150","79","61","count"
"144","10","14","mL"
"68","12","18","cups"
"104","25","31","count"
"145","98","13","mL"
"52","74","78","cups"
"143","26","81","oz"
"101","77","74","mL"
"93","11","67","oz"
"6","50","20","count"
"173","80","10","oz"
"127","48","92","mL"
"141","96","40","cups"
"196","19","25","oz"
"172","78","49","cups"
"148","60","97","garnish"
"30","48","89","cups"
"77","78","46","oz"
"31","20","99","oz"
"145","33","70","garnish"
"144","15","97","cups"
"25","30","90","mL"
"120","81","62","count"
"139","0","31","garnish"
"57","43","42","mL"
"51","15","21","cups"
"157","71","52","cups"
"104","8","58","oz"
"1","17","23","cups"
"171","14","64","mL"
"81","72","56","garnish"
"5","99","28","cups"
"192","52","42","garnish"
"64","73","70","mL"
"62","66","55","mL"
"67","85","93","mL"
"157","83","42","count"
"26","95","92","count"
"38","59","5","count"
"197","30","53","cups"
"106","27","8","oz"
"103","53","60","count"
"146","75","55","count"
"47","78","22","oz"
"12","13","64","garnish"
"48","70","7","garnish"
"151","5","100","garnish"
"180","95","87","oz"
"172","37","23","garnish"
"160","93","55","cups"
"1","33","36","count"
"42","59","82","mL"
"9","83","48","cups"
"124","84","14","garnish"
"8","42","60","garnish"
"154","71","98","oz"
"28","23","26","mL"
"180","24","91","count"
"131","39","78","mL"
"44","6","35","mL"
"125","5","54","cups"
"6","38","75","garnish"
"93","31","74","cups"
"142","65","87","count"
"99","66","22","cups"
"186","56","43","garnish"
"143","79","69","garnish"
"184","95","46","cups"
"161","46","41","count"
"194","79","93","cups"
"154","8","0","mL"
"112","3","72","count"
"128","90","55","mL"
"101","37","31","cups"
"169","41","59","oz"
"118","72","38","oz"
"112","1","99","cups"
"181","50","73","garnish"
"68","90","2","mL"
"167","15","66","mL"
"0","45","77","mL"
"20","42","64","cups"
"69","0","72","oz"
"143","91","62","oz"
"138","99","71","count"
"92","29","56","cups"
"3","6","6","garnish"
"105","48","51","cups"
"188","81","100","count"
"4","39","28","count"
"90","59","61","count"
"86","51","12","count"
"181","95","7","cups"
"186","7","57","count"
"85","12","100","count"
"125","18","32","cups"
"195","46","1","oz"
"119","30","55","mL"
"171","79","86","mL"
"98","5","15","mL"
"17","76","100","garnish"
"104","98","89","count"
"45","97","21","garnish"
"184","55","83","count"
"104","12","38","mL"
"162","26","100","oz"
"195","30","12","oz"
"90","73","59","cups"
"83","24","1","garnish"
"37","16","84","cups"
"174","36","7","count"
"13","35","36","cups"
"19","33","74","oz"
"105","48","69","mL"
"151","47","92","garnish"
"26","89","75","count"
"78","73","74","oz"
"141","20","50","cups"
"108","30","21","mL"
"158","19","90","oz"
"113","73","45","cups"
"140","94","73","garnish"
"163","21","1","oz"
"155","92","77","mL"
"83","52","94","garnish"
"160","97","86","mL"
"146","45","14","garnish"
"51","49","25","garnish"
"196","89","0","cups"
"88","47","64","count"
"63","76","44","count"
"180","89","68","mL"
"102","11","62","count"
"127","50","52","cups"
"70","98","5","count"
"105","72","97","oz"
"189","72","53","cups"
"45","28","50","garnish"
"183","63","76","oz"
"124","21","69","garnish"
"82","9","97","count"
"157","4","85","garnish"
"10","91","55","garnish"
"92","75","69","oz"
"83","97","11","cups"
"9","66","64","mL"
"103","11","89","mL"
"187","67","27","garnish"
"6","85","64","mL"
"184","64","88","mL"
"130","67","79","cups"
"50","49","4","count"
"74","7","36","cups"
"118","48","42","mL"
"29","48","52","mL"
"120","37","93","count"
"144","0","100","garnish"
"137","51","26","mL"
"80","8","100","mL"
"142","61","1","mL"
"59","57","1","count"
"135","68","79","cups"
"61","77","67","count"
"75","62","65","mL"
"24","31","24","cups"
"141","92","29","garnish"
"128","27","58","cups"
"79","46","83","count"
"77","11","71","garnish"
"102","36","14","mL"
"154","59","91","mL"
"144","46","72","cups"
"165","9","98","mL"
"66","78","15","garnish"
"184","5","88","garnish"
"169","93","66","oz"
"57","8","57","count"
"98","99","25","garnish"
"66","59","44","count"
"42","62","36","count"
"152","2","35","mL"
"136","91","16","oz"
"99","66","50","cups"
"49","2","42","garnish"
"98","49","100","garnish"
"57","34","90","mL"
"76","41","73","garnish"
"157","23","1","oz"
"199","90","32","count"
"30","4","98","mL"
"45","73","99","count"
"124","75","14","garnish"
"68","24","17","garnish"
"139","26","16","count"
"15","73","87","count"
"14","48","33","cups"
"123","57","40","garnish"
"122","88","60","cups"
"78","13","79","oz"
"11","32","85","oz"
"172","68","100","oz"
"146","6","94","oz"
"83","59","61","cups"
"177","99","43","mL"
"113","37","73","garnish"
"106","2","50","oz"
"186","17","100","mL"
"149","79","26","garnish"
"148","69","32","count"
"91","61","44","cups"
"168","96","62","mL"
"143","23","70","oz"
"178","87","92","cups"
"120","52","8","cups"
"65","25","77","mL"
"30","26","55","cups"
"57","82","58","cups"
"57","69","74","garnish"
"176","2","100","garnish"
"98","52","44","garnish"
"59","0","33","mL"
"183","27","96","oz"
"0","45","17","mL"
"0","41","66","cups"
"20","89","7","garnish"
"112","49","48","cups"
"163","56","19","oz"
"157","1","77","mL"
"53","43","71","garnish"
"131","46","41","cups"
"131","56","93","count"
"116","6","38","count"
"53","41","61","garnish"
"144","95","61","oz"
"181","43","74","mL"
"64","45","78","garnish"
"146","56","82","garnish"
"135","68","95","oz"
"143","11","17","cups"
"147","32","93","mL"
"22","34","9","count"
"165","25","42","count"
"141","27","32","mL"
"133","24","11","garnish"
"184","59","4","cups"
"82","85","22","count"
"136","87","83","mL"
"51","81","31","mL"
"46","2","20","garnish"
"4","14","70","garnish"
"6","48","100","oz"
"47","4","28","count"
"163","7","32","cups"
"105","62","2","cups"
"28","82","91","cups"
"150","45","31","count"
"60","79","9","oz"
"114","81","47","oz"
"166","47","20","mL"
"161","94","19","count"
"186","24","61","cups"
"168","39","64","mL"
"127","2","67","mL"
"75","71","53","count"
"74","78","98","cups"
"99","10","38","oz"
"13","81","13","oz"
"37","12","80","oz"
"45","37","6","cups"
"130","28","92","count"
"176","58","7","garnish"
"78","97","59","count"
"131","93","45","mL"
"83","79","61","oz"
"61","81","72","oz"
"10","58","24","garnish"
"25","91","50","garnish"
"103","66","37","cups"
"26","47","78","cups"
"134","85","73","oz"
"22","80","86","count"
"127","82","0","mL"
"52","77","29","garnish"
"11","45","41","oz"
"91","3","86","count"
"131","81","27","garnish"
"8","39","31","cups"
"190","31","85","cups"
"28","63","71","mL"
"188","35","80","cups"
"83","83","32","cups"
"62","76","4","mL"
"84","96","53","mL"
"124","21","100","cups"
"61","13","42","cups"
"95","42","91","cups"
"86","53","89","cups"
"17","68","67","cups"
"35","38","46","count"
"126","96","81","count"
"71","83","10","count"
"23","41","35","cups"
"3","5","59","oz"
"89","7","81","cups"
"105","4","90","cups"
"68","67","3","mL"
"175","29","10","cups"
"3","84","24","garnish"
"191","47","20","cups"
"190","18","82","mL"
"114","4","15","cups"
"153","58","41","oz"
"184","21","36","count"
"48","67","31","cups"
"37","51","25","garnish"
"119","77","5","count"
"105","47","14","oz"
"107","74","47","mL"
"152","70","41","oz"
"164","45","4","mL"
"75","47","82","cups"
"73","17","86","oz"
"26","52","92","cups"
"147","11","22","oz"
"179","87","88","count"
"161","23","31","cups"
"76","52","39","oz"
"15","58","25","mL"
"7","59","11","count"
"94","64","73","mL"
"40","35","77","cups"
"198","7","40","garnish"
"39","38","97","garnish"
"42","99","86","cups"
"88","90","94","count"
"165","29","62","oz"
"42","57","92","garnish"
"103","98","3","cups"
"177","65","52","oz"
"171","21","50","oz"
"50","14","83","mL"
"37","33","87","garnish"
"191","90","93","mL"
"184","94","22","mL"
"75","25","51","cups"
"6","25","8","mL"
"53","46","50","mL"
"23","4","47","cups"
"129","25","27","garnish"
"57","59","63","oz"
"95","24","80","garnish"
"112","49","30","cups"
"38","96","65","oz"
"98","86","54","garnish"
"90","78","56","cups"
"58","70","34","garnish"
"52","46","10","garnish"
"32","79","9","garnish"
"26","25","6","mL"
"89","67","92","cups"
"44","53","66","count"
"198","34","2","count"
"121","64","1","mL"
"142","11","30","count"
"99","93","94","mL"
"43","31","45","count"
"85","18","21","mL"
"141","91","44","garnish"
"101","40","20","mL"
"32","49","88","mL"
"161","43","23","cups"
"197","6","4","mL"
"60","33","15","oz"
"121","76","63","count"
"157","30","16","cups"
"48","84","84","garnish"
"184","90","89","cups"
"99","6","6","cups"
"134","83","82","mL"
"178","98","52","count"
"22","91","93","garnish"
"81","78","31","cups"
"140","24","58","oz"
"14","13","21","cups"
"81","70","66","mL"
"192","55","59","count"
"76","8","92","cups"
"183","35","56","count"
"34","70","77","cups"
"172","43","36","cups"
"129","49","61","garnish"
"114","97","99","cups"
"198","73","57","count"
"106","57","75","oz"
"159","52","17","cups"
"162","96","2","count"
"52","82","18","count"
"174","86","81","cups"
"117","97","65","garnish"
"196","23","29","cups"
"104","97","86","mL"
"48","41","65","mL"
"24","76","24","garnish"
"147","32","81","cups"
"98","98","91","oz"
"12","26","60","garnish"
"88","39","80","count"
"69","55","52","cups"
"46","21","52","cups"
"14","86","59","count"
"79","87","97","cups"
"76","85","16","count"
"102","14","25","oz"
"108","98","81","garnish"
"56","94","38","cups"
"130","78","48","count"
"120","2","64","cups"
"22","54","57","count"
"137","86","65","count"
"104","55","100","oz"
"172","68","86","oz"
"85","36","40","garnish"
"23","96","31","garnish"
"65","44","20","count"
"149","81","29","count"
"74","99","81","mL"
"114","52","19","oz"
"94","90","6","garnish"
"52","12","79","oz"
"76","19","99","oz"
"132","31","76","oz"
"31","86","83","oz"
"2","20","62","cups"
"35","22","37","garnish"
"88","24","64","oz"
"88","79","5","garnish"
"22","77","2","garnish"
"65","37","61","count"
"128","23","88","garnish"
"190","57","13","oz"
"90","59","37","count"
"86","38","10","garnish"
"86","45","49","oz"
"41","21","72","mL"
"72","5","7","mL"
"53","42","55","garnish"
"53","81","21","mL"
"193","99","31","garnish"
"12","53","0","count"
"120","52","99","count"
"167","43","31","garnish"
"195","91","33","cups"
"96","38","39","count"
"142","14","99","mL"
"100","2","39","cups"
"169","12","8","cups"
"61","75","20","garnish"
"155","90","47","cups"
"153","74","89","oz"
"116","55","93","oz"
"41","85","58","oz"
"165","29","68","count"
"41","64","93","mL"
"20","47","88","garnish"
"169","76","23","mL"
"26","86","73","cups"
"187","14","69","cups"
"113","68","95","count"
"183","67","47","cups"
"80","67","72","cups"
"30","49","16","garnish"
"62","60","52","mL"
"132","87","5","cups"
"45","4","82","mL"
"130","21","100","cups"
"42","52","88","mL"
"70","8","29","count"
"53","85","90","mL"
"127","23","86","count"
"187","5","26","oz"
"10","34","70","oz"
"143","46","24","mL"
"53","66","88","oz"
"72","45","25","count"
"24","21","97","mL"
"148","45","58","garnish"
"37","37","100","oz"
"166","95","92","cups"
"176","81","82","oz"
"157","68","8","mL"
"116","47","87","oz"
"74","53","50","count"
"115","24","4","oz"
"33","88","80","cups"
"126","36","74","garnish"
"77","57","9","count"
"195","73","89","cups"
"96","69","48","garnish"
"170","34","50","count"
"117","52","50","garnish"
"169","31","39","count"
"9","90","21","oz"
"97","45","70","count"
"55","83","68","mL"
"3","24","13","oz"
"180","90","25","oz"
"105","7","33","cups"
"152","98","17","count"
"33","97","76","count"
"120","45","76","cups"
"90","57","57","garnish"
"168","17","36","count"
"129","47","99","oz"
"120","82","27","count"
"103","78","12","cups"
"154","4","9","oz"
"87","36","71","garnish"
"20","68","52","oz"
"42","79","70","mL"
"53","34","83","garnish"
"189","78","15","cups"
"8","55","14","mL"
"181","89","76","mL"
"195","80","21","mL"
"68","11","76","garnish"
"42","2","42","cups"
"85","98","34","cups"
"50","62","77","mL"
"50","72","63","oz"
"71","9","31","mL"
"63","44","11","cups"
"123","41","17","garnish"
"168","68","72","count"
"35","63","43","count"
"28","81","27","mL"
"37","58","60","garnish"
"2","89","3","count"
"62","18","98","cups"
"169","41","29","count"
"113","81","37","mL"
"194","64","53","count"
