"13","By","43","peterson.com"
"11","Indicate","18","miller-peterson.com"
"9","Real","19","foster.com"
"14","Event","80","galvan-potts.com"
"0","Prove","30","mcmillan-garrett.info"
"1","Body","35","robinson-cook.com"
"8","Time","62","fisher-brady.org"
"17","Morning","23","martinez.com"
"17","Lead","75","mathews-chaney.com"
"15","Really","53","hill-nelson.com"
"5","Far","33","carter.biz"
"10","Himself","59","lambert.com"
"5","Pick","58","ward.com"
"11","Read","56","campos.com"
"5","Could","84","phillips.com"
"13","Month","85","kennedy.biz"
"7","Event","35","rollins.com"
"13","Color","69","kennedy-edwards.com"
"2","Tree","14","mckee.biz"
"14","Natural","8","massey-johnson.net"
"5","Within","18","jenkins.com"
"5","Quality","31","jackson-diaz.info"
"3","Body","91","frank-berg.com"
"9","Nor","39","richards.biz"
"15","Ever","91","adams.org"
"3","Prove","38","arnold.com"
"9","Everything","60","aguirre.com"
"10","Body","54","rollins-garcia.com"
"9","Color","59","taylor.biz"
"13","Long","74","ray-olson.com"
"5","Time","85","anderson-elliott.com"
"8","Read","99","rodriguez-rodriguez.com"
"2","Month","73","moreno-williams.org"
"15","Imagine","54","scott.com"
"7","Indicate","76","carey.com"
"6","Himself","12","williams.com"
"16","Lead","45","simmons.net"
"17","Daughter","74","cruz-maynard.com"
"16","Very","97","simmons.biz"
"19","Forward","65","jones.com"
"19","Very","20","huang-hoover.org"
"13","Real","84","clark-russell.biz"
"16","Maintain","90","stevens.info"
"16","Indicate","4","waters-stout.com"
"15","Lead","81","hodges.net"
"2","There","7","phillips.com"
"2","Arm","12","johnson.com"
"2","Democrat","65","smith.com"
"2","Event","54","ayala.com"
"2","Maintain","26","chan-zuniga.net"
"7","Time","65","ellis.com"
"4","Color","14","blackwell-wade.com"
"12","Finally","27","matthews-bowers.biz"
"1","Could","71","wright.com"
"2","Tree","67","warner.biz"
"11","There","26","ayers-joseph.com"
"7","Very","60","evans-moore.com"
"9","Job","89","allen-hancock.com"
"13","By","84","sullivan.com"
"5","Indicate","5","peterson.com"
"9","Attack","24","lucas.com"
"17","Prove","26","cantu-perez.com"
"5","Quality","86","gilbert.org"
"1","Event","51","wall.org"
"12","Quality","27","osborne.net"
"3","Time","33","carey.info"
"1","Event","62","taylor.com"
"14","Weight","41","miller.com"
"2","Within","52","clark-rogers.com"
"15","Job","71","lee.info"
"0","Pick","56","gonzalez.org"
"16","Morning","21","avila-long.com"
"0","There","7","simpson.com"
"6","Indicate","50","brown-lawson.net"
"18","Usually","99","mills-newton.com"
"3","Bill","84","smith-brown.com"
"12","Could","44","knight-davies.com"
"7","Then","98","romero.org"
"5","Usually","35","guerra-taylor.com"
"5","Imagine","89","walker.com"
"0","Pick","18","park-williams.com"
"8","Arm","23","gonzales.org"
"3","Actually","80","nelson-morales.biz"
"11","Pick","40","blankenship.com"
"1","Nor","5","faulkner-moore.org"
"15","Class","38","kirk.com"
"17","Several","34","ware-torres.com"
"0","Culture","92","elliott.com"
"16","Indicate","90","arias.net"
"7","Everything","32","martin.org"
"8","Really","44","cooper-weaver.com"
"10","Finally","85","carter-hall.net"
"3","Morning","35","copeland-pruitt.com"
"17","Send","62","scott.com"
"8","Ever","41","peterson.com"
"11","Tree","61","sanchez.com"
"19","Send","44","andrade.com"
"16","Democrat","98","finley.com"
"14","Weight","87","carter-martinez.com"
"6","Finally","29","brown.com"
"4","Imagine","54","lewis.com"
"6","Prove","68","fox.com"
"6","Pick","64","flynn-miller.org"
"15","There","30","reed.com"
"5","Everything","26","banks.org"
"16","Very","44","morales.org"
"11","Forward","97","martin.info"
"19","Throw","53","rodgers.info"
"8","There","5","pena.net"
"15","Arm","55","macdonald.com"
"11","Throw","49","rose-morgan.com"
"10","Imagine","19","kelly.com"
"10","Body","74","wagner-velazquez.com"
"11","Arm","20","rodriguez.com"
"10","Throw","28","jackson-garrett.net"
"16","Time","70","washington.info"
"15","Himself","71","chaney-lynch.net"
"1","Daughter","26","bush.biz"
"15","Very","50","powell.com"
"8","Month","81","aguilar.com"
"19","Culture","94","petersen.org"
"12","Event","41","meyer.biz"
"12","Bill","37","hart-horn.com"
"12","Tree","58","jimenez.com"
"6","Several","94","rodriguez.com"
"4","Long","73","richards.info"
"7","Ever","28","harrison-prince.com"
"19","Nor","67","mason-bauer.info"
"8","Tax","54","king.info"
"15","Long","74","rios-alvarez.net"
"8","Tax","79","miller.com"
"8","Actually","82","ewing-medina.com"
"17","Maintain","51","palmer.com"
"0","Color","23","wells-thomas.com"
"19","Color","15","reyes.biz"
"15","Indicate","60","horn.com"
"10","Daughter","79","russell.net"
"13","Newspaper","18","pearson.biz"
"6","Month","3","cannon.com"
"9","Could","78","archer.net"
"10","Culture","46","robertson.com"
"0","Rather","17","mckay.com"
"2","Himself","75","blanchard-cooper.org"
"7","Could","76","gardner-patterson.biz"
"12","Usually","59","rose.com"
"3","There","45","crosby-wu.biz"
"12","Send","12","smith.biz"
"11","Rather","4","lynch.info"
"9","Quality","78","marquez.com"
"5","Tax","63","ellis.com"
"11","Very","31","holder.biz"
"9","Everything","21","cobb-mendez.com"
"19","Several","58","strong.com"
"11","Democrat","81","bennett-burke.org"
"13","Within","92","gray.com"
"6","Weight","62","waters.com"
"15","Lead","96","woods.com"
"8","Indicate","98","osborne.org"
"18","Forward","90","martin-marshall.com"
"8","Prove","59","torres.net"
"2","Quality","53","torres.info"
"18","Quality","75","mcdaniel-acosta.org"
"4","Color","44","murray.com"
"14","Throw","17","martin.info"
"18","Ever","5","white.com"
"8","By","1","bell.com"
"3","Pick","82","stephens.biz"
"18","Really","36","rosales.com"
"17","Month","26","rios.net"
"13","Daughter","82","molina-smith.com"
"2","Newspaper","0","hill-khan.com"
"13","Tax","97","williams.com"
"16","Job","82","horton-rodriguez.com"
"10","By","10","white.info"
"16","Democrat","78","reynolds.com"
"16","Bill","91","robertson-wallace.org"
"0","Social","83","russo-cooper.com"
"17","Rather","94","watson.com"
"11","Tax","66","kelley-young.com"
"10","Usually","11","brown.info"
"12","Month","80","jimenez-howard.com"
"4","Morning","57","peterson.biz"
"19","Culture","22","ballard-allen.org"
"19","Could","99","lane.com"
"2","Several","77","joyce-allen.com"
"19","Very","85","smith.com"
"0","Month","19","manning.com"
"13","By","18","harris.com"
"6","Body","8","chan.net"
"15","Very","88","dawson.biz"
"8","Within","2","bush-mcdowell.info"
"6","Pick","9","johnson-bowers.biz"
"3","Job","87","cruz.net"
"13","Several","39","arnold-bartlett.net"
"3","Then","53","miller.net"
"15","Himself","37","carroll-walters.com"
"15","Forward","64","johnson.com"
"7","Throw","39","kim-campbell.com"
"7","Very","17","harris-dickson.info"
"15","Very","7","arnold.org"
"3","Maintain","87","jones.com"
"4","Actually","81","green.org"
"14","Nor","37","mcdaniel.net"
"13","Really","26","williams.org"
"11","Throw","28","jefferson.com"
"16","Lead","77","snyder.com"
"0","Class","45","alexander-brooks.com"
"8","Read","69","morgan.com"
"11","Imagine","91","kirby-gomez.org"
"15","Lead","61","peters-moore.com"
"12","Really","75","mcknight.com"
"9","Time","35","sharp.com"
"7","Culture","76","bass-hopkins.com"
"15","By","14","king-nixon.biz"
"1","Rather","55","jones-decker.com"
"10","Body","2","wagner-ibarra.info"
"13","Tax","64","hernandez.info"
"2","There","5","johnson.com"
"2","Tax","46","harrison.org"
"6","Social","95","parker-walker.info"
"5","Really","97","maddox-bolton.com"
"1","Newspaper","82","stark-bennett.com"
"16","Several","2","jones.net"
"16","Rather","30","ramos.com"
"5","Really","57","davis-estrada.com"
"17","Actually","55","wallace.com"
"12","Job","61","white.org"
"8","Far","0","hall.com"
"12","There","41","smith-diaz.info"
"1","Arm","35","nelson.net"
"8","Forward","32","finley.biz"
"12","There","67","day-baker.com"
"13","Newspaper","57","ortiz-haas.com"
"3","Social","19","schmidt.com"
"10","Job","23","berger.com"
"10","Then","86","johnson.com"
"6","Far","9","robinson.org"
"5","Ever","44","ramirez.info"
"4","Democrat","54","howard.org"
"15","Could","42","adams.org"
"17","Several","96","long.com"
"7","Quality","47","cox.biz"
"8","Attack","36","davis.com"
"12","Actually","66","long.com"
"12","Long","73","smith.com"
"11","Bill","68","lawrence.info"
"13","Himself","63","campbell-wilkinson.com"
"8","Tree","11","schmidt.org"
"10","Daughter","29","conner-saunders.com"
"1","Body","11","bond.biz"
"15","Several","49","simpson-johnson.com"
"9","Usually","42","velasquez.net"
"18","Nor","37","trevino.com"
"2","Throw","92","clark-vega.biz"
"11","Could","11","haley.com"
"2","Read","83","rodriguez.com"
"18","Far","48","ali.info"
"2","Class","69","mueller.com"
"14","Several","26","paul.com"
"9","Real","55","lee.info"
"5","Maintain","94","conner-norris.info"
"0","Imagine","50","lewis-willis.com"
"2","Imagine","12","mosley-faulkner.com"
"9","Imagine","1","lara-robinson.com"
"12","Event","4","taylor.info"
"11","Very","27","schwartz.com"
"2","Usually","83","flores-roberts.com"
"18","Social","70","stein.com"
"12","Body","52","grimes.biz"
"9","Rather","52","brown.com"
"12","Could","13","elliott.com"
"0","Ever","49","hart.com"
"18","Real","6","wright.com"
"3","Then","84","parsons.info"
"11","Bill","68","moon.com"
"13","Class","49","webb.com"
"6","Job","26","spence-anderson.info"
"8","Actually","84","weaver.com"
"0","Indicate","53","wilson.com"
"12","Indicate","86","white-miranda.com"
"12","Class","13","hoffman.com"
"0","Natural","23","cox-morse.com"
"18","Then","52","benton-bailey.com"
"11","Prove","86","norton.com"
"16","By","88","brooks.org"
"0","Nor","10","gonzales.com"
"2","There","68","taylor.net"
"7","Rather","76","hoffman.com"
"2","Social","17","clayton.com"
"16","Actually","60","ramirez.com"
"9","Culture","27","reyes.com"
"0","Body","76","hall-vance.com"
"4","Indicate","31","hoffman.info"
"10","Morning","78","estrada.com"
"1","Could","35","cameron.com"
"10","Real","54","wong.net"
"3","Real","76","howard-duncan.com"
"14","Finally","88","cowan.com"
"14","Daughter","33","morrison-carroll.com"
"4","Long","20","hall.com"
