"10","84","1985-10-20 17:00:31","1","Listen seven draw upon figure thank bank","81","56"
"2","49","1993-04-10 00:41:03","0","Suddenly wind suffer eye space","1","89"
"6","65","2000-07-10 14:29:27","0","Class group not fill good put although woman series lead","11","82"
"5","53","2012-09-21 16:33:14","2","Fall can college history instead ok senior idea my sometimes","10","76"
"0","36","1982-06-08 20:52:00","0","Nice single give now","99","65"
"15","2","1975-05-09 01:22:09","4","Ok exactly kid teacher response actually marriage table statement us gas","37","69"
"14","19","1978-01-15 18:23:27","0","Catch apply to easy coach consumer bar artist out","22","80"
"19","37","1985-08-26 22:47:19","4","Use accept into notice fund yard art","98","23"
"0","36","2013-04-28 19:29:48","5","Green somebody for sound medical with education spring remember try","15","41"
"18","69","1989-11-26 07:29:53","2","Answer increase true return nor by traditional","44","71"
"19","61","2020-03-21 01:18:54","0","Baby door anything pattern wear fire maintain pretty buy wind","100","39"
"17","71","2006-03-26 19:22:48","0","Picture man believe better quite which deal","3","69"
"5","8","2008-03-03 14:07:37","3","Lead continue medical daughter now decision think kind","74","86"
"16","26","1971-01-04 01:41:56","0","Sing dream herself skin same almost continue result those do lot","86","71"
"14","72","2012-03-11 15:59:23","1","Fire growth onto up keep forget build professor","65","92"
"4","23","2011-01-26 02:31:06","4","Bring view ground case everybody effect pick system herself year","96","12"
"14","40","1980-06-23 17:36:43","1","Center respond each must of list raise especially consumer","94","64"
"19","3","1980-05-05 22:48:55","2","Water table race sea thus health","63","30"
"16","6","1985-12-15 19:54:29","4","All Republican account real physical development training guess within","55","69"
"1","88","2002-01-31 06:10:43","0","Either successful four develop according note either","71","88"
"10","48","1998-03-16 09:26:40","2","Adult future phone contain during","32","4"
"2","16","1987-05-27 16:03:43","3","Maybe exactly skin party fill","89","1"
"3","85","2021-05-12 02:21:54","1","Performance reveal city parent source positive","85","83"
"17","37","2005-05-26 09:13:16","3","Discover notice day lot would worker","51","1"
"19","72","1999-02-04 00:35:25","2","Age serve help with place break back hand sell carry","30","74"
"5","14","1975-06-19 17:42:52","3","Maintain thus if blue development","6","42"
"11","71","2005-05-03 20:15:16","2","Enough realize camera impact born not war","81","53"
"6","10","1981-11-25 15:33:43","2","Quickly along firm we room response nation across popular call","20","70"
"17","97","1976-07-22 21:31:17","3","Expert section weight herself ago page dog event","27","84"
"16","32","2001-07-18 20:52:47","2","Building sea ready cold ever first time wife","14","26"
"7","71","1975-07-27 12:59:14","2","Local American to country reveal","91","24"
"3","48","1989-12-02 05:06:16","3","Share fire believe man parent form drug","15","71"
"7","30","2003-03-11 13:40:06","5","Mind or picture draw argue quite friend specific","61","96"
"18","88","2010-11-08 20:50:42","0","Show former administration manager move","81","99"
"13","64","2005-03-19 13:28:57","2","Author base international admit","96","90"
"16","34","1971-09-21 01:24:58","0","Agent possible enjoy particular still why performance way","28","5"
"15","95","1989-02-05 14:18:47","3","Image maybe myself find listen ground tree company prevent","67","63"
"11","28","1973-11-03 09:09:06","0","Charge movement way your role hold personal large","73","3"
"0","80","2004-06-01 04:40:14","5","Age safe mother fill individual any report speak everyone","15","80"
"15","43","1983-11-28 04:15:41","4","Analysis turn natural may government century prepare treat laugh indeed","29","73"
"17","71","2005-10-15 06:06:47","5","Human stay sit religious direction they","100","27"
"16","96","1985-05-08 07:01:13","1","Building nature other method movie pick man face radio","92","42"
"11","16","2016-12-20 12:35:54","4","Foreign both material wrong camera fast recently human toward","96","81"
"6","26","1998-07-20 15:06:59","2","Strategy also network security red himself","92","99"
"13","98","1986-03-23 10:30:40","3","Inside just several media least","67","11"
"8","54","2012-02-23 22:56:46","0","Like image to maintain section business value radio","92","11"
"6","15","1971-02-11 06:10:11","4","Spring although break beautiful cause","14","19"
"2","24","2006-12-20 03:51:20","2","Official pay unit cost administration forward unit program left","79","72"
"2","60","2001-01-25 14:09:48","2","Audience scene same citizen thousand language","4","67"
"0","87","1970-11-02 12:12:41","0","Air he tree these also follow director there","26","11"
"18","50","2012-05-21 09:20:51","5","Development budget other particular six family student later have population","44","100"
"7","46","2016-06-30 19:43:31","5","Show sometimes address character help reason gun exist","90","43"
"17","13","2012-08-05 14:16:08","2","Rock popular area group go respond relationship open look play","95","22"
"19","55","1986-05-03 10:35:17","4","Answer up them listen anyone north","72","34"
"12","18","2006-07-06 22:09:02","3","Than baby cut science","15","6"
"18","64","2017-01-22 05:36:18","2","Prove staff think try society fund","35","57"
"8","44","1976-03-20 18:38:34","0","Little number under avoid business energy worry over site since","50","64"
"17","46","1997-06-27 04:59:35","4","Amount forget might company around work director","84","70"
"17","88","2007-02-09 06:52:18","5","Meeting government forward last bed play look property there","69","60"
"9","96","1976-01-07 18:50:51","3","Employee within reach couple school among although evidence road yet","16","77"
"14","66","2012-05-22 20:55:16","1","Degree strong over authority one discussion international deal","46","94"
"4","20","1988-09-07 18:04:31","2","Will technology yourself realize near both society deal","13","18"
"11","48","1982-09-12 07:00:38","1","Run amount guess safe age likely star shoulder commercial until deep","51","32"
"2","89","1974-02-27 06:39:29","1","Such hotel assume become reduce right dog draw story some","3","63"
"6","94","2001-06-19 07:28:32","1","Actually whom clearly next involve gun","1","29"
"0","52","1997-09-13 09:13:09","2","Head you reason buy public nice but right which","41","42"
"2","30","1978-05-19 20:32:29","2","Course official evidence act so space plant","9","32"
"3","13","2015-01-19 12:21:07","2","Drug follow play process within toward nothing","11","24"
"3","67","2013-10-06 15:02:54","4","Candidate still board in billion sister through foot","57","60"
"17","36","1997-07-16 07:01:36","5","Administration run allow have drug","88","61"
"4","59","2002-02-27 10:02:04","5","Why every apply agent fear case wrong bad issue with","0","98"
"13","42","1997-07-27 05:11:55","1","Politics evidence seek point compare","31","33"
"18","96","1981-04-26 02:18:12","2","She TV consider future couple leave song this","86","34"
"7","82","1989-07-04 13:09:36","0","Through five person whose contain voice rise foreign","84","7"
"17","57","1986-09-25 00:52:50","2","Which who fall check morning","11","37"
"18","1","2003-06-17 01:41:32","1","Collection other rest rule turn whatever perform","62","57"
"12","2","2008-06-23 12:49:00","5","Least suddenly son these race artist occur","17","84"
"10","13","1984-04-19 10:12:42","3","A management author into weight peace middle community ground","14","2"
"11","77","2016-09-09 19:21:29","4","Thought smile right security establish","43","94"
"9","20","1990-02-22 19:16:55","2","Agent gas project arrive court","56","65"
"10","28","1992-01-03 15:14:13","5","Author behavior for when generation care entire","65","70"
"10","41","1979-03-21 14:15:33","0","Always beautiful president all north big sign","40","13"
"8","51","1994-09-25 20:31:02","4","Billion today receive family side adult","72","89"
"11","91","1992-05-21 06:57:39","3","Meet difficult leader happy small ago boy value","71","87"
"17","29","2012-09-09 18:52:12","3","Direction rock how test street official special senior population","11","51"
"9","4","2014-03-18 10:33:04","4","Lot coach attention himself live once history their","82","10"
"1","23","1988-10-20 12:49:07","5","Actually senior oil bar number open social movie","16","97"
"11","21","2019-03-11 09:31:11","1","Specific leg health training trip thing prove likely its suffer","3","60"
"15","57","2011-03-27 14:07:16","3","Their rather almost establish such upon","51","79"
"9","26","1973-11-16 12:56:32","4","Use fund store woman chair wife nor instead","39","38"
"2","51","1982-07-29 11:12:00","5","Need floor life society girl","56","33"
"1","32","1979-01-01 07:57:18","2","Various follow protect key forget century you","98","12"
"18","66","1990-09-23 19:11:11","5","Especially energy rule foreign leave before","99","6"
"14","15","2007-09-29 00:40:14","2","Very future animal training only allow","73","26"
"2","0","2012-11-30 18:28:37","1","Rise party three note action black","25","13"
"14","56","1975-08-30 16:36:22","3","Physical the foreign field key","29","56"
"1","74","1994-11-01 09:21:32","4","Weight phone rise bar establish garden because","60","61"
"15","66","1980-10-23 07:04:05","1","Animal quite conference what media determine model mouth cup day","81","29"
"19","18","1978-11-09 12:42:25","1","Hope investment who two art machine","16","64"
"4","44","2016-05-22 15:36:20","0","Own number threat foot economic shake stage public also then","53","13"
"9","52","1993-05-31 19:51:58","0","Structure employee thousand miss protect edge","2","2"
"2","28","1990-05-17 08:09:46","2","Appear phone card film appear build discussion nor arm system","72","82"
"2","43","1978-03-04 11:37:39","2","Throw baby night else big","88","40"
"16","71","1995-05-12 21:57:12","2","Try nature soon reason program view seat lay","41","46"
"14","63","2004-01-20 03:24:24","5","Standard sure campaign military stay natural keep guy information wish","97","42"
"7","96","1990-10-24 03:42:15","2","Majority executive common beyond end almost","38","81"
"8","72","2020-05-27 13:03:24","4","Ahead same work along blue","18","87"
"14","47","1972-12-01 06:45:45","0","Record answer notice high there bag enjoy","96","35"
"14","21","1986-05-21 19:12:26","3","Break if foot Republican hope speak plant American like","33","62"
"16","34","1974-03-12 21:44:45","0","Bar threat money individual house blue natural","7","97"
"0","2","2014-03-02 06:28:05","5","Air how name citizen decision thus base remember do","79","81"
"11","35","1989-11-29 02:23:45","5","Conference surface security own mean growth matter major maybe","64","4"
"2","86","2015-03-25 21:08:08","2","Wind father may among right mouth","33","15"
"11","81","1979-10-06 11:14:11","1","Great health report wife so country we final stage concern","44","75"
"4","1","1985-03-22 06:58:23","1","Reduce little model several officer","70","8"
"2","72","1995-09-05 11:47:15","3","Pretty crime rest network decide pass","73","93"
"14","58","1995-09-06 02:55:30","2","Him country worry their fire beyond play study company question half","84","97"
"1","78","2015-11-01 05:14:05","4","Into rich effort near red number of","54","90"
"16","20","1986-11-24 02:12:32","0","Cup care house speak often site audience eight agency life","28","29"
"14","1","1976-06-16 05:30:06","1","Bad year board director law author","8","72"
"8","95","1977-03-25 22:44:44","2","Real home accept Democrat maintain moment exactly visit","20","17"
"6","13","1980-03-27 00:15:48","5","Tree surface let majority feel modern growth","11","39"
"17","65","1978-02-22 20:12:44","1","Traditional owner even everything discuss above court finish many","58","54"
"8","24","2008-12-30 04:02:12","1","Usually find before test adult growth within authority conference","87","22"
"4","64","1983-10-06 08:28:03","2","Job too shake skill source five for state live","66","53"
"12","79","1989-04-26 00:53:30","4","Record page citizen own particularly throughout Congress that for","31","84"
"17","43","1996-02-22 20:23:46","3","Ago become source present ever safe term three","75","58"
"19","70","2002-12-22 18:20:31","4","Rich itself our people leader type already business read gun","82","37"
"8","74","2013-03-10 19:33:28","3","Wish before you save decade them do clear sport","41","25"
"2","28","1982-07-20 16:14:51","3","From everybody money provide season set consumer you understand around green","11","30"
"13","87","2003-04-27 17:12:11","2","Like just tell cover next not politics","23","92"
"5","79","1984-04-29 02:12:23","1","Good thousand join onto shake offer black exactly concern","35","15"
"1","91","1971-02-16 17:39:27","2","Probably oil political think technology stay","65","42"
"11","42","2007-10-04 09:08:29","4","Bar condition choose easy both newspaper put eat","53","79"
"15","63","1970-09-30 07:27:13","5","Manager travel use change","37","20"
"9","77","1985-06-12 06:53:27","5","I meet amount gun control protect production especially above sometimes","61","47"
"1","53","1998-04-19 03:24:39","0","Event professional fill teacher available idea anything discuss professor according","8","54"
"18","40","2019-08-18 12:35:12","1","There true production phone responsibility","12","91"
"0","47","1990-08-16 11:08:55","4","Control business page modern Mrs lose structure born down","81","77"
"18","80","1997-11-13 02:15:27","4","As new near month responsibility they choice local","6","49"
"0","59","2013-04-05 05:35:17","2","Side common civil notice theory front others","60","31"
"7","39","1973-02-16 21:45:21","3","Gas answer music return interest wind law there treatment couple happen","74","18"
"19","37","2010-01-17 23:49:03","3","Should first usually worry company behind whole","70","76"
"7","1","2017-12-09 05:31:20","4","Particular word Congress real bad","53","92"
"11","52","2014-12-12 08:17:51","2","Personal moment media knowledge and","81","43"
"0","17","2015-10-21 16:44:42","4","Smile certainly matter would wide heart group","8","48"
"10","45","2004-12-19 22:38:30","1","Light short fish assume attention physical until seem evidence","50","9"
"5","72","1983-05-17 18:56:09","5","Baby well parent here address foot recently art","91","86"
"2","88","1996-12-16 19:33:44","5","Bad talk while civil stand part us will","66","5"
"16","77","1977-04-18 19:51:10","1","Feel benefit for thousand drop now","82","0"
"12","84","2020-01-07 09:24:22","5","Heart often station blue month","48","12"
"16","58","2016-12-14 15:32:05","0","Same return message animal affect her democratic radio too","45","29"
"18","41","1989-07-24 20:57:55","2","Back only between investment","88","5"
"10","13","1993-01-29 14:23:56","2","News room free foreign","42","59"
"2","79","1979-01-09 02:54:48","1","Week inside firm sea successful check travel spring","88","35"
"11","64","1983-06-02 07:02:32","5","Range forget sit save necessary officer","63","50"
"2","23","1986-04-12 00:27:08","5","Down body return number","40","28"
"3","1","2020-01-17 11:49:29","2","Onto understand when require","60","74"
"5","63","2020-06-27 08:20:33","5","Move everyone discuss arm yet science as strong","15","74"
"5","20","2012-11-06 16:16:51","0","Board whether since yeah she fear speech cut but fish","16","71"
"19","15","1997-11-17 10:22:46","0","Message several natural really change far","20","99"
"17","44","2013-01-18 00:01:25","4","Floor want wear fast learn","75","25"
"12","8","1975-08-31 21:14:08","1","Dog most over both industry","70","99"
"3","45","2002-06-11 20:20:12","4","Year recent too response system laugh decision management space","48","84"
"14","47","1972-05-23 15:53:40","3","Role collection her green expect black everyone","28","2"
"13","46","1993-12-24 09:10:26","3","Commercial fall lead charge reach set everybody check off","60","31"
"8","20","1993-02-26 07:49:37","1","Billion friend across worry white listen apply","57","57"
"12","1","1973-03-01 16:37:32","0","Garden staff reach there mother science fine","9","11"
"12","19","1994-07-13 12:49:21","4","Stuff significant record assume kitchen audience our threat future each","70","100"
"12","35","1978-07-02 06:53:49","2","Place nice political town all enjoy gun effect","75","58"
"15","1","1988-03-26 20:56:08","2","Child pressure information country kitchen tell while long","28","23"
"8","96","2008-02-28 11:34:13","5","Along structure feeling campaign","71","26"
"16","19","2007-08-19 11:43:46","3","Within measure car strategy with a","65","45"
"1","75","2014-12-03 21:43:52","5","Ask politics assume check prepare race allow oil there piece","55","87"
"6","99","2013-09-30 14:00:53","0","Dream stand agency organization four few participant each without","19","69"
"5","11","2007-03-19 06:43:00","0","Respond may note leader nature candidate month","86","96"
"9","22","1977-11-21 12:54:12","3","Tend fill sit rock cut","57","55"
"9","20","1973-01-04 03:48:48","4","Two data early series part involve","91","32"
"0","93","1992-09-17 09:24:48","0","Wish record two few three training her large","68","34"
"1","94","2011-03-04 10:31:08","2","Old last respond past","89","93"
"7","85","1995-01-23 03:40:42","2","Risk bank and decision cultural inside any","63","94"
"0","38","1979-10-23 07:48:55","1","Picture war side foreign rock generation wish away national present raise","46","89"
"7","55","1979-10-03 00:42:47","0","Beat instead relationship me imagine summer summer consider there","36","1"
"1","47","1977-01-04 03:11:24","4","Make win certainly fear newspaper maybe quickly thousand","13","27"
"11","1","2018-12-28 20:34:23","3","Pretty sense relationship guess lay that international","70","97"
"5","1","2017-01-23 05:47:00","5","Natural property suggest conference notice resource she wish head","42","58"
"2","44","1983-03-07 23:35:56","4","Sound sure force once team","39","23"
"19","75","2012-09-06 11:22:58","5","Expect our strong inside computer series order speech upon","19","33"
"2","11","2006-06-21 05:17:08","4","Hope effect walk together little","22","87"
"5","1","1991-12-20 00:23:58","2","Your near ago note true stuff decision rich month help","27","2"
"9","6","1977-08-28 19:41:00","3","Collection modern step room side","73","100"
"1","84","1995-11-20 09:11:08","5","Every letter total early threat mother trouble region","44","44"
"12","21","1978-04-04 06:23:28","0","Thing medical decade mother break","81","1"
"7","88","2009-10-26 08:34:30","1","Standard skin woman board so trade meet","50","8"
"0","98","1982-04-17 06:17:45","3","Four other opportunity challenge matter consider professional anything","35","77"
"11","75","2002-04-26 12:52:57","2","When difference support million treatment small","12","91"
"0","20","2005-01-18 20:59:55","2","Second huge north recent fight see value same foot list","6","34"
"6","72","1981-12-29 02:15:03","0","Guess trade necessary cost","99","64"
"1","49","1981-05-26 00:22:46","1","State list author crime win part little tough","84","83"
"17","57","1981-12-10 22:07:24","2","Son hard yourself not possible movement full read give","98","48"
"2","11","1979-06-17 06:58:55","4","Trip system hospital control law try drop","45","13"
"12","78","1982-11-17 20:09:21","4","Star civil eat behind quality court season","20","69"
"15","48","1973-04-18 00:47:32","5","Training although laugh morning how ball prepare","3","8"
"7","19","1988-02-02 01:35:18","2","Commercial beyond technology system television everyone during quite theory quite","16","8"
"8","36","1987-12-01 15:46:21","2","Medical manage town ahead only together quickly support police business","27","4"
"14","4","2010-10-13 07:40:28","4","Fill class center visit couple why today","76","47"
"13","17","1993-08-13 07:24:54","4","Cover sister often vote then","98","3"
"10","70","1995-12-30 06:41:44","2","Successful perhaps less who","90","99"
"3","73","1977-10-25 21:04:14","0","Each ever main drop somebody continue it produce like","73","5"
"3","74","1998-04-21 14:24:03","2","Quickly expect offer ok five establish","33","7"
"3","53","1989-11-05 06:32:29","0","Drug pattern heart simply scientist wife gun reason against author","34","6"
"11","7","2003-07-21 22:58:46","3","Reason big push month ability","99","2"
"1","51","1994-03-05 01:06:03","2","Line front tough head","80","28"
"18","7","1974-08-03 01:48:54","3","Control thousand suffer know court recent long on win end","12","80"
"13","68","2009-07-07 06:30:01","5","Local short view prepare guess politics modern keep move raise","61","41"
"4","78","1997-01-13 19:50:11","4","Huge end less prepare big speak why blue might decade","13","29"
"5","14","2008-05-19 08:36:17","0","Miss drug raise herself produce","5","42"
"18","51","1973-08-29 14:35:21","0","High my somebody item","0","44"
"5","31","2019-09-26 15:59:48","0","Another game figure bed concern pretty","26","14"
"7","52","1992-11-24 16:22:10","2","Per heavy something offer space once","98","36"
"17","38","2002-02-11 01:09:22","0","Nor south ago begin spring food name","61","41"
"16","22","2004-01-02 12:16:10","1","Eat choice realize pressure beautiful skin occur forward carry effect","47","98"
"10","49","1983-01-22 02:47:45","0","Account want indeed article decade almost know article","53","92"
"18","67","1994-02-22 08:24:02","2","Car treatment traditional action seem fly somebody pretty security may","5","69"
"15","0","1994-04-28 09:16:55","2","Our research enter woman","26","20"
"13","76","2001-07-15 19:01:15","0","Fund newspaper doctor history stock morning","51","72"
"1","49","1989-06-04 15:47:07","5","Stuff box poor few space new possible technology leg","90","47"
"10","69","2015-10-08 19:10:31","2","Defense song majority level young me debate foot","100","33"
"15","64","2009-06-05 17:28:20","5","Against difference strategy poor husband box","63","42"
"5","42","1987-04-02 21:28:37","0","Act international nearly build happen sound according add deal test","21","9"
"19","13","2012-01-18 19:36:45","3","Spring national anyone concern everybody alone","53","26"
"0","59","2022-02-19 06:23:43","5","Take sound time result now stock order land reduce","73","43"
"6","58","2003-03-28 13:11:05","0","Range she surface ball oil maybe pretty computer food","88","10"
"19","13","2022-05-21 06:09:44","5","Forget candidate goal just gun","30","100"
"0","88","2018-07-02 20:07:19","0","Dream billion sometimes section name little home certain fear be","5","9"
"2","64","1978-05-08 08:28:46","5","Understand no generation yet meeting do most son there stand","23","12"
"10","89","1980-08-12 07:15:44","1","Across that in produce them less strong nothing citizen place","91","1"
"14","42","2021-12-15 23:59:48","2","Give three realize here pass young class","49","30"
"13","54","1982-03-02 04:24:48","3","Wear check join not everyone board single look place bill","27","20"
"0","90","1999-02-13 09:34:50","1","Land option within by operation fact follow plan","23","31"
"14","78","1986-01-19 17:22:10","4","Culture worry myself any seven maintain determine turn exactly because","96","23"
"8","48","2002-07-10 20:38:24","0","Nor new full its outside","10","3"
"6","65","1983-09-23 14:14:58","0","Drug answer picture him difficult we total pull health if family","3","89"
"2","2","1971-12-14 22:09:37","0","Music movement act factor team expert early million","91","2"
"6","2","1979-06-18 21:48:50","1","Family organization nature according point girl officer","28","42"
"12","79","1980-08-23 09:59:59","1","Example small top scientist particular stand","34","35"
"18","82","1975-01-18 15:47:52","3","Share with reduce citizen no walk Congress include majority","3","28"
"19","78","1989-10-02 13:48:27","4","Congress south represent month get standard present","22","94"
"9","79","1991-02-08 13:25:30","1","Also trade environment if room","57","64"
"6","15","1971-09-28 21:42:18","5","Big reflect majority make safe real","76","91"
"8","16","1990-08-27 22:40:48","4","Road author treatment prepare low situation skill","15","7"
"19","44","1972-01-30 09:11:23","2","Machine size dog together member color debate","57","94"
"0","3","2015-06-14 22:07:25","4","Though simply season course room hard financial","31","7"
"14","1","1970-08-05 01:55:34","4","Support success prevent war outside not possible appear","94","29"
"9","17","2019-12-11 12:02:54","4","Present source station here church thing difference time check truth","9","53"
"11","95","2002-03-20 11:34:38","0","Hot least thing international among","95","48"
"8","14","1996-03-31 16:57:42","3","Rather along billion product join Republican performance ten animal six","50","92"
"18","47","2011-11-21 00:35:20","0","Threat do someone method nothing will","50","32"
"1","40","1971-08-06 11:31:25","0","Yourself hotel something for ever word factor military family","55","49"
"6","63","1988-02-02 15:45:40","0","Plan billion record area far strategy executive","14","29"
"0","73","1983-02-05 20:59:42","1","International main minute here here again table wife still animal","68","0"
"13","0","1984-07-19 02:14:43","1","Family mean sort dark identify sea share mean","89","5"
"4","1","2009-03-08 01:21:21","3","Huge mind owner occur inside phone","21","16"
"10","53","2022-01-16 01:27:52","0","Whose area inside mother score if","26","89"
"15","61","2018-09-26 18:31:41","1","For class his standard","13","98"
"10","48","2010-07-06 08:36:24","5","Approach still history usually set small force possible herself mean","27","73"
"0","0","1996-10-03 14:49:19","1","Along necessary describe sort real good law such hope","11","9"
"10","34","2012-05-19 00:36:44","5","Eat series reveal herself like alone bit this may ahead really","42","7"
"4","27","1989-04-10 15:31:17","0","Expect Republican better number Democrat every like too","33","45"
"16","76","1972-10-19 22:28:59","2","General sure position tough hope","17","13"
"7","48","2012-05-26 09:21:21","1","Benefit happen difficult understand next cut center","99","3"
"2","81","2014-03-01 14:59:52","4","Sing individual allow contain some road husband read","27","5"
"10","50","2003-12-24 12:16:12","2","Outside like shoulder cover factor really agency arrive size dog","99","92"
"1","85","2006-12-05 17:05:06","0","Would best over south","95","44"
"4","34","1981-09-20 06:12:46","1","Spring suddenly explain town school serve perhaps open court old","55","64"
"19","83","2005-01-03 14:40:47","0","Protect treat machine once think agent instead consumer","99","50"
"12","79","2000-02-10 14:12:45","2","Conference police military carry what face miss section","67","0"
"3","61","2007-02-07 16:54:44","3","Tough think art green manage member probably","61","34"
"15","18","1974-10-19 23:27:36","2","Consumer allow it every game whole","65","76"
"2","44","2003-07-10 21:44:27","3","My culture side time until me decision","38","58"
"10","7","1984-11-07 03:02:13","5","Window result letter possible your","97","7"
"18","89","1999-07-03 04:45:04","5","Executive but catch field suddenly beautiful hotel","23","31"
"2","58","1981-10-02 11:49:01","4","System notice fire maintain worry statement much election method finish","63","10"
"15","80","1985-11-20 22:25:29","5","Either college whether rest enough learn long would bar town decide","72","64"
"0","90","1983-05-03 19:57:55","4","Next program exactly site","14","97"
"17","60","1974-07-22 18:06:32","4","Chance picture compare imagine vote tax born show toward staff water","99","6"
"0","38","2002-12-12 12:23:46","3","Be end usually voice far create Mr difference director good","32","55"
"13","5","1997-03-25 15:14:48","0","Pretty serious well operation range full good after","40","71"
"16","64","1976-07-14 03:42:42","4","But drive you most use individual","13","25"
"4","76","1992-09-01 10:34:02","2","Maintain blood goal strong citizen international cold run former authority","82","34"
"10","40","1996-12-06 02:57:28","2","Either high bar agent main but administration weight past officer attorney","83","17"
"8","51","1978-09-15 12:32:52","4","Include special that type think politics fish","97","94"
"10","61","2000-12-22 14:40:49","2","Class real another rich through","65","10"
"3","15","2004-05-16 05:12:57","2","Guy follow society father everyone now hard occur","26","77"
"1","64","2002-07-11 00:19:54","5","Policy growth shoulder family identify while","65","86"
"3","0","2012-12-24 13:52:12","2","Citizen however wish behind either move ready miss fund to","69","94"
"6","20","1987-01-02 23:54:50","0","Election friend nice easy still","42","99"
"5","41","1981-12-22 22:35:58","1","Bar travel its stop spend career","73","31"
"1","87","2021-06-12 03:13:45","3","Difficult cost sometimes side network call describe left deep subject","96","87"
"10","86","1984-04-27 06:26:09","5","No thought evening side fly goal","96","17"
"8","89","1976-08-07 22:17:29","0","Assume ever voice with likely","15","30"
"10","92","2017-05-31 01:16:49","5","Hundred common difference successful town","100","31"
"0","21","2006-11-12 07:12:56","1","Wall maybe computer challenge kid nature wrong person wife watch","74","3"
"11","5","1993-08-21 08:55:08","4","Else indeed tell executive you ball explain story thus billion","98","82"
"19","42","2016-01-14 20:40:03","5","Appear area thought necessary capital decade argue information daughter","0","3"
"17","38","1985-07-20 12:34:52","0","Chance citizen point not public within picture anyone wish give","73","91"
"10","64","2012-03-24 00:58:38","5","Development room find yard painting along another perform inside","82","27"
"2","11","2006-11-25 13:44:23","2","Cold measure three garden manager fly line add catch","5","2"
"17","42","1980-04-19 02:19:49","4","Guy simply know parent white","27","61"
"14","25","2014-08-08 00:56:46","3","Computer future claim and beautiful claim theory","74","87"
"0","61","1983-07-01 20:50:05","4","War hundred use tonight lose find doctor","71","100"
"2","95","1993-05-14 05:44:50","0","Money air media themselves but dinner gun outside sign","52","93"
"19","52","1976-07-04 23:27:59","0","Movement design or station smile rate","23","90"
"2","61","2003-04-22 01:48:56","2","Scene education campaign case company away life explain find","28","0"
"19","72","1995-11-06 01:20:12","1","Start year down order assume be bit season say him","4","12"
"8","20","1975-05-14 00:08:10","3","Administration design necessary allow floor decide break sport culture west","50","34"
"8","14","2020-04-05 17:24:15","0","Media him number Republican buy movement","9","6"
"12","88","1979-09-08 04:35:08","0","Name service here movie admit stay continue anyone","86","29"
"14","62","1976-09-10 14:24:00","2","Probably culture program experience father develop behavior particular","19","15"
"0","81","2003-01-24 17:07:54","2","Class daughter term give","30","79"
"5","44","2013-01-24 15:18:31","3","Small each attention be rest","74","56"
"0","41","1985-12-31 03:16:36","5","Admit media loss far allow yard animal","98","41"
"6","34","2017-01-15 10:04:43","2","Themselves attention wear prove table cut off government its politics day","40","43"
"2","23","1974-11-27 00:40:45","5","Production name industry base song marriage light","71","91"
"13","52","1972-06-22 14:31:25","0","Success meet key identify reality occur media","59","4"
"7","39","2004-05-02 03:13:45","5","Add wide provide upon clearly this","96","42"
"8","68","2021-03-21 18:24:54","5","Face off ball agreement lawyer","99","94"
"8","72","2011-03-04 13:04:32","3","To section oil interview decade","54","22"
"9","6","2020-08-02 10:50:27","0","Capital enter themselves size even lead forward imagine","89","43"
"13","35","1982-02-27 13:15:40","4","Audience group true should price Mr attack section on reason","47","7"
"2","70","1979-04-21 05:32:45","2","Hard stay almost tend make character trial PM large","83","10"
"14","23","1975-06-16 00:00:33","5","Eye now real science sign party available nor section both","28","56"
"3","13","2011-07-02 09:08:15","4","Try number close land this laugh pattern important sport","2","44"
"12","35","1990-03-07 10:41:14","3","The since there yet manage role size task","73","94"
"11","35","2017-01-28 16:10:36","0","Certainly story maybe begin establish year","88","40"
"2","40","1973-11-23 17:15:45","3","Team project matter she grow either","39","83"
"14","24","2002-08-27 06:54:58","0","Test through role face message establish song weight","55","68"
"17","33","1974-06-03 19:00:34","3","Behavior area side perhaps simply TV law","76","47"
"6","74","2019-05-11 12:01:27","0","Say again life the set rise out shoulder interesting","47","89"
"11","54","1978-10-03 07:58:59","5","American during with work present call carry deal past","21","46"
"6","70","2002-12-02 05:16:47","1","Perhaps audience resource commercial business last toward place happy sit environmental","30","78"
"13","70","2015-02-16 02:49:39","0","Push sell beyond student third book town less","95","85"
"9","22","2013-12-24 23:44:12","5","Treatment medical detail behind major","32","78"
"19","82","1993-05-06 09:20:31","3","Very campaign something that over rise suggest now","88","61"
"5","19","1995-11-26 01:47:18","1","Pull direction sure certainly four several new course guess your","6","22"
"8","13","1974-01-16 11:54:11","4","Style hard glass know change note","22","79"
"10","93","2007-11-19 05:10:14","5","Maintain group forget real military build","30","55"
"11","24","2017-12-13 14:27:51","0","Administration shoulder nation set pull name","24","15"
"13","15","2021-01-10 18:13:41","3","Big able light site class","97","87"
"3","36","1982-12-06 06:40:50","5","Toward season all no part fight record officer north quite","54","56"
"12","19","1990-11-07 04:32:19","0","Tax sort end score true feel possible see church","12","92"
"8","43","2021-08-27 17:41:37","5","Actually treat goal affect himself past","81","90"
"8","53","1987-02-28 17:19:54","5","Far trouble magazine push","92","1"
"19","20","2019-06-27 18:52:28","5","Activity own few service structure sell sense well practice","44","38"
"14","47","1996-11-22 18:58:03","4","Lot message suggest million natural yet","73","35"
"11","28","1987-12-20 18:50:38","5","Method usually president question world data effort occur","80","54"
"18","29","1976-08-16 22:36:54","1","Minute beyond your war soldier coach shake suddenly should","80","46"
"8","53","2011-08-15 14:23:30","1","Friend process young sound interview boy prove hot","93","96"
"15","70","1972-09-07 15:55:39","0","Everything discover hot right never popular city require relate term","50","79"
"11","24","2008-07-16 00:31:18","0","Base will ask pretty","26","78"
"2","57","1977-07-14 11:09:01","2","Response lay response within lawyer notice type Mrs culture","62","73"
"16","31","1981-04-10 11:38:32","0","Mother lot range prevent summer near project trouble tend","79","12"
"13","35","2020-02-09 10:09:49","3","Mission something country include good Mrs himself","92","68"
"7","35","2000-07-11 02:44:02","5","Time which north far practice law wish","21","54"
"0","10","1970-05-22 23:17:58","0","Actually until ground usually learn anything budget clear","22","62"
"2","16","1977-11-19 16:55:39","5","Firm type cell offer enter yourself event tree family admit Republican","37","73"
"9","14","1981-12-25 07:33:45","4","Nor wear second top raise cover box","68","45"
"6","77","1982-05-11 11:39:55","4","Them yourself product no case democratic work opportunity such true","87","78"
"15","24","2002-02-06 10:14:55","2","Still body poor high kid","12","86"
"3","31","2000-10-13 22:50:02","5","Store probably individual easy poor girl","49","84"
"5","14","2011-08-27 07:14:11","2","Can why up memory drug road imagine standard","12","93"
"15","1","1994-08-22 08:04:17","3","Cause room writer society stay worker argue fly at across","100","96"
"2","70","2009-08-18 00:28:34","4","Trip consider east then yet fear event thus worry say","5","51"
"4","70","1994-04-26 16:32:44","4","Fish meeting item during policy agency however","47","97"
"1","91","2008-12-06 09:33:59","4","Lot western prove recently stuff participant total stuff determine million already","38","97"
"3","53","2003-01-05 06:08:34","3","Appear offer important national stand brother step","12","58"
"0","61","2018-09-05 23:12:03","1","Themselves have professional yes just positive within tough step","100","41"
"5","90","1991-12-18 22:30:48","5","Security all in choose treatment hope program do","73","17"
"16","2","2003-01-10 09:58:05","2","Water agent make travel sea office","77","51"
"5","44","2020-03-17 17:02:28","1","Modern so trial person","17","60"
"13","89","2011-11-24 06:11:19","2","Establish order may drug change","75","21"
"19","39","1977-10-08 16:53:42","3","Read wear theory important mean almost","74","40"
"2","42","1999-09-06 00:35:08","1","Common threat gun model strategy establish again ahead","83","37"
"13","78","2017-09-06 15:46:14","5","Event firm against instead training article again size their station","27","22"
"14","16","2006-11-08 18:46:43","4","Training deep director beat reduce responsibility news knowledge","4","21"
"8","78","1998-09-30 05:46:21","4","Coach this forget watch skin these","33","37"
"14","95","1986-08-31 20:16:28","3","Important determine within fund behind year","60","30"
"9","80","2000-12-29 04:42:25","4","Color yet production debate police agency hope common thought","21","11"
"11","45","2004-09-04 10:25:43","4","Ok trade dinner difference family than","85","97"
"16","1","2009-08-06 10:14:49","5","Build firm book without","2","99"
"1","17","2009-05-26 09:18:47","5","Claim hour return dark ten man who","78","47"
"16","48","2003-12-12 14:57:55","1","Yeah provide continue and either","25","47"
"3","46","2019-12-03 00:44:51","0","True believe strong any purpose newspaper","84","42"
"4","9","1985-06-20 10:44:03","0","Cold nearly enjoy nearly time reach cup capital","21","30"
"19","29","1976-03-02 09:25:46","4","Need contain step herself human great area","96","79"
"17","77","1979-04-11 10:39:55","2","Enter factor yet or fight PM church care easy view","77","40"
"12","15","2018-10-22 16:11:09","4","List amount between how two its break tonight","20","8"
"6","75","2003-12-17 03:12:52","4","Down plan call customer each power staff training left after","90","56"
"3","52","1971-10-09 16:32:21","0","Run everybody onto sing nearly family issue field","6","4"
"7","21","1981-12-06 23:32:50","2","During owner check attorney process stock","89","61"
